CREATE DATABASE  IF NOT EXISTS `regadio9` /*!40100 DEFAULT CHARACTER SET utf8 */;
USE `regadio9`;
-- MySQL dump 10.13  Distrib 5.7.10, for Win64 (x86_64)
--
-- Host: localhost    Database: regadio9
-- ------------------------------------------------------
-- Server version	5.7.10-log

/*!40101 SET @OLD_CHARACTER_SET_CLIENT=@@CHARACTER_SET_CLIENT */;
/*!40101 SET @OLD_CHARACTER_SET_RESULTS=@@CHARACTER_SET_RESULTS */;
/*!40101 SET @OLD_COLLATION_CONNECTION=@@COLLATION_CONNECTION */;
/*!40101 SET NAMES utf8 */;
/*!40103 SET @OLD_TIME_ZONE=@@TIME_ZONE */;
/*!40103 SET TIME_ZONE='+00:00' */;
/*!40014 SET @OLD_UNIQUE_CHECKS=@@UNIQUE_CHECKS, UNIQUE_CHECKS=0 */;
/*!40014 SET @OLD_FOREIGN_KEY_CHECKS=@@FOREIGN_KEY_CHECKS, FOREIGN_KEY_CHECKS=0 */;
/*!40101 SET @OLD_SQL_MODE=@@SQL_MODE, SQL_MODE='NO_AUTO_VALUE_ON_ZERO' */;
/*!40111 SET @OLD_SQL_NOTES=@@SQL_NOTES, SQL_NOTES=0 */;

--
-- Table structure for table `abonos`
--

DROP TABLE IF EXISTS `abonos`;
/*!40101 SET @saved_cs_client     = @@character_set_client */;
/*!40101 SET character_set_client = utf8 */;
CREATE TABLE `abonos` (
  `idabonos` int(11) NOT NULL AUTO_INCREMENT,
  `idposturas` int(11) NOT NULL,
  `idclases_abonos` int(11) NOT NULL,
  `duracion` int(11) DEFAULT NULL,
  `inicio` int(11) DEFAULT NULL,
  PRIMARY KEY (`idabonos`,`idclases_abonos`),
  KEY `fk_abonos_posturas1_idx` (`idposturas`),
  KEY `fk_abonos_clases_abonos1_idx` (`idclases_abonos`),
  CONSTRAINT `fk_abonos_clases_abonos1` FOREIGN KEY (`idclases_abonos`) REFERENCES `clases_abonos` (`idclases_abonos`) ON DELETE NO ACTION ON UPDATE NO ACTION,
  CONSTRAINT `fk_abonos_posturas1` FOREIGN KEY (`idposturas`) REFERENCES `posturas` (`idposturas`) ON DELETE NO ACTION ON UPDATE NO ACTION
) ENGINE=InnoDB AUTO_INCREMENT=749 DEFAULT CHARSET=utf8;
/*!40101 SET character_set_client = @saved_cs_client */;

--
-- Dumping data for table `abonos`
--

LOCK TABLES `abonos` WRITE;
/*!40000 ALTER TABLE `abonos` DISABLE KEYS */;
INSERT INTO `abonos` VALUES (54,98,1,0,0),(55,98,2,0,0),(64,103,1,2,1),(65,103,2,2,0),(74,108,1,0,0),(75,108,2,0,0),(76,109,1,0,0),(77,109,2,0,0),(78,110,1,0,0),(79,110,2,0,0),(92,117,1,0,0),(93,117,2,0,0),(96,119,1,0,0),(97,119,2,0,0),(100,121,1,10,5),(101,121,2,10,15),(102,122,1,10,5),(103,122,2,10,15),(104,123,1,10,5),(105,123,2,10,15),(106,124,1,10,5),(107,124,2,10,15),(128,135,1,10,5),(129,135,2,10,15),(130,136,1,10,5),(131,136,2,10,15),(132,137,1,10,5),(133,137,2,10,15),(134,138,1,0,0),(135,138,2,0,0),(136,139,1,0,0),(137,139,2,0,0),(138,140,1,0,0),(139,140,2,0,0),(140,141,1,10,5),(141,141,2,10,15),(142,142,1,10,5),(143,142,2,10,15),(144,143,1,10,5),(145,143,2,10,15),(146,144,1,10,5),(147,144,2,10,105),(150,146,1,9,4),(151,146,2,0,16),(152,147,1,2,2),(153,147,2,1,5),(154,148,1,1,2),(155,148,2,1,5),(156,149,1,1,2),(157,149,2,1,5),(158,150,1,1,1),(159,150,2,0,0),(160,151,1,0,0),(161,151,2,0,0),(162,152,1,10,5),(163,152,2,10,15),(164,153,1,0,0),(165,153,2,0,0),(166,154,1,0,0),(167,154,2,0,0),(168,155,1,0,0),(169,155,2,0,0),(170,156,1,0,0),(171,156,2,0,0),(174,158,1,0,0),(175,158,2,0,0),(176,159,1,10,5),(177,159,2,10,15),(178,160,1,0,0),(179,160,2,0,0),(180,161,1,0,0),(181,161,2,0,0),(182,162,1,0,0),(183,162,2,0,0),(184,163,1,0,0),(185,163,2,0,0),(186,164,1,0,0),(187,164,2,0,0),(188,165,1,0,0),(189,165,2,0,0),(190,166,1,0,0),(191,166,2,0,0),(192,167,1,0,0),(193,167,2,0,0),(194,168,1,0,0),(195,168,2,0,0),(196,169,1,0,0),(197,169,2,0,0),(198,170,1,0,0),(199,170,2,0,0),(200,171,1,0,0),(201,171,2,0,0),(204,173,1,0,0),(205,173,2,0,0),(206,174,1,0,0),(207,174,2,0,0),(208,175,1,0,0),(209,175,2,0,0),(210,176,1,0,0),(211,176,2,0,0),(212,177,1,0,0),(213,177,2,0,0),(214,178,1,0,0),(215,178,2,0,0),(216,179,1,0,0),(217,179,2,0,0),(218,180,1,0,0),(219,180,2,0,0),(220,181,1,0,0),(221,181,2,0,0),(222,182,1,0,0),(223,182,2,0,0),(224,183,1,0,0),(225,183,2,0,0),(226,184,1,0,0),(227,184,2,0,0),(228,185,1,0,0),(229,185,2,0,0),(230,186,1,0,0),(231,186,2,0,0),(232,187,1,0,0),(233,187,2,0,0),(234,188,1,0,0),(235,188,2,0,0),(236,189,1,0,0),(237,189,2,0,0),(238,190,1,0,0),(239,190,2,0,0),(240,191,1,0,0),(241,191,2,0,0),(242,192,1,0,0),(243,192,2,0,0),(244,193,1,0,0),(245,193,2,0,0),(246,194,1,0,0),(247,194,2,0,0),(248,195,1,0,0),(249,195,2,0,0),(250,196,1,0,0),(251,196,2,0,0),(252,197,1,0,0),(253,197,2,0,0),(254,198,1,1,2),(255,198,2,2,5),(256,199,1,3,1),(257,199,2,0,0),(258,200,1,0,0),(259,200,2,4,1),(260,201,1,0,0),(261,201,2,0,0),(262,202,1,0,0),(263,202,2,0,0),(264,203,1,0,0),(265,203,2,0,0),(266,204,1,0,0),(267,204,2,0,0),(268,205,1,0,0),(269,205,2,0,0),(270,206,1,0,0),(271,206,2,0,0),(272,207,1,0,0),(273,207,2,0,0),(274,208,1,0,0),(275,208,2,0,0),(276,209,1,0,0),(277,209,2,0,0),(278,210,1,0,0),(279,210,2,0,0),(280,211,1,0,0),(281,211,2,0,0),(282,212,1,0,0),(283,212,2,0,0),(284,213,1,3,2),(285,213,2,2,5),(286,214,1,1,1),(287,214,2,1,3),(288,215,1,0,0),(289,215,2,0,0),(290,216,1,10,5),(291,216,2,10,15),(292,217,1,0,0),(293,217,2,0,0),(294,218,1,0,0),(295,218,2,0,0),(300,221,1,10,5),(540,462,1,10,10),(540,462,2,10,30),(541,463,1,10,10),(541,463,2,10,30),(542,464,1,10,5),(542,464,2,10,15),(544,466,1,10,5),(544,466,2,10,15),(547,468,1,0,0),(548,468,2,0,0),(549,469,1,10,5),(550,469,2,10,15),(551,470,1,10,5),(552,470,2,10,15),(553,471,1,10,5),(554,471,2,0,0),(555,472,1,10,5),(556,472,2,10,30),(557,473,1,10,5),(557,473,2,0,0),(558,474,1,10,10),(558,474,2,10,30),(559,475,1,10,15),(560,475,2,0,0),(561,476,1,10,5),(562,476,2,10,15),(563,477,1,0,0),(564,477,2,0,0),(565,478,1,0,0),(566,478,2,0,0),(567,479,1,0,0),(568,479,2,0,0),(577,484,1,10,5),(578,484,2,10,15),(585,488,1,0,0),(586,488,2,0,0),(589,490,1,0,0),(589,490,2,0,0),(590,491,1,0,0),(590,491,2,0,0),(591,492,1,10,5),(592,492,2,0,0),(593,493,1,30,170),(594,493,2,0,0),(595,494,1,30,170),(595,494,2,0,0),(596,495,1,5,5),(597,495,2,0,0),(598,496,1,30,10),(599,496,2,0,0),(600,496,3,25,9),(601,497,1,30,5),(602,497,2,0,0),(603,497,3,25,5),(604,498,1,30,5),(604,498,2,0,0),(604,498,3,25,5),(605,499,1,5,5),(606,499,2,0,0),(607,499,3,4,5),(608,500,1,30,5),(609,500,2,0,0),(610,500,3,0,0),(611,501,1,30,5),(612,501,2,10,35),(613,501,3,25,5),(614,502,1,30,5),(615,502,2,0,0),(616,502,3,10,15),(617,503,1,30,5),(618,503,2,0,0),(619,503,3,0,0),(620,504,1,30,5),(621,504,2,10,35),(622,504,3,25,5),(623,505,1,0,0),(624,505,2,0,0),(625,505,3,0,0),(626,506,1,5,2),(627,506,2,1,8),(628,506,3,4,2),(629,507,1,5,5),(630,507,2,0,0),(631,507,3,3,6),(632,508,1,5,1),(633,508,2,0,0),(634,508,3,3,2),(635,509,1,2,1),(636,509,2,1,3),(637,509,3,1,1),(638,510,1,30,5),(639,510,2,10,15),(640,510,3,0,0),(641,511,1,30,5),(642,511,2,0,0),(643,511,3,0,0),(644,512,1,30,5),(645,512,2,10,35),(646,512,3,25,5),(647,513,1,30,5),(648,513,2,10,45),(649,513,3,25,10),(650,514,1,10,5),(650,514,2,10,15),(651,515,1,0,0),(651,515,2,0,0),(652,516,1,0,0),(652,516,2,0,0),(653,517,1,0,0),(654,517,2,0,0),(655,517,3,0,0),(656,518,1,5,5),(657,518,2,2,15),(658,518,3,4,5),(659,519,1,3,1),(660,519,2,2,5),(661,519,3,3,2),(662,520,1,0,0),(663,520,2,0,0),(664,520,3,0,0),(665,521,1,0,0),(666,521,2,0,0),(667,521,3,0,0),(668,522,1,0,0),(669,522,2,0,0),(670,522,3,0,0),(671,523,1,0,0),(672,523,2,0,0),(673,523,3,0,0),(674,524,1,0,0),(675,524,2,0,0),(676,524,3,0,0),(677,525,1,0,0),(678,525,2,0,0),(679,525,3,0,0),(680,526,1,0,0),(681,526,2,0,0),(682,526,3,0,0),(686,528,1,0,0),(687,528,2,0,0),(688,528,3,0,0),(689,529,1,0,0),(690,529,2,0,0),(691,529,3,0,0),(692,530,1,0,0),(693,530,2,0,0),(694,530,3,0,0),(695,531,1,0,0),(696,531,2,0,0),(697,531,3,0,0),(698,532,1,30,5),(699,532,2,10,35),(700,532,3,25,5),(701,533,1,0,0),(702,533,2,0,0),(703,533,3,0,0),(704,534,1,0,0),(705,534,2,0,0),(706,534,3,0,0),(707,535,1,0,0),(708,535,2,0,0),(709,535,3,0,0),(710,536,1,30,145),(711,536,2,10,165),(712,536,3,25,5),(713,537,1,0,0),(714,537,2,0,0),(715,537,3,0,0),(716,538,1,0,0),(717,538,2,0,0),(718,538,3,0,0),(719,539,1,0,0),(720,539,2,0,0),(721,539,3,0,0),(722,540,1,0,0),(723,540,2,0,0),(724,540,3,0,0),(725,541,1,0,0),(726,541,2,0,0),(727,541,3,0,0),(728,542,1,0,0),(729,542,2,0,0),(730,542,3,0,0),(731,543,1,0,0),(732,543,2,0,0),(733,543,3,0,0),(734,544,1,0,0),(735,544,2,0,0),(736,544,3,0,0),(737,545,1,0,0),(738,545,2,0,0),(739,545,3,0,0),(740,546,1,0,0),(741,546,2,0,0),(742,546,3,0,0),(743,547,1,0,0),(744,547,2,0,0),(745,547,3,0,0),(746,548,1,0,0),(747,548,2,0,0),(748,548,3,0,0);
/*!40000 ALTER TABLE `abonos` ENABLE KEYS */;
UNLOCK TABLES;

--
-- Table structure for table `accion_telecontrol`
--

DROP TABLE IF EXISTS `accion_telecontrol`;
/*!40101 SET @saved_cs_client     = @@character_set_client */;
/*!40101 SET character_set_client = utf8 */;
CREATE TABLE `accion_telecontrol` (
  `idobj_telecontrol` int(11) NOT NULL,
  `idAccion` int(11) NOT NULL,
  `comando` varchar(4) DEFAULT NULL,
  `accion` varchar(4) DEFAULT NULL,
  `byte6` varchar(4) DEFAULT NULL,
  `tieneCRC` int(11) DEFAULT NULL,
  PRIMARY KEY (`idobj_telecontrol`,`idAccion`),
  KEY `fk_accion_telecontrol_obj_telecontrol_idx` (`idobj_telecontrol`),
  CONSTRAINT `fk_accion_telecontrol_obj_telecontrol` FOREIGN KEY (`idobj_telecontrol`) REFERENCES `obj_telecontrol` (`idobj_telecontrol`) ON DELETE NO ACTION ON UPDATE NO ACTION
) ENGINE=InnoDB DEFAULT CHARSET=utf8;
/*!40101 SET character_set_client = @saved_cs_client */;

--
-- Dumping data for table `accion_telecontrol`
--

LOCK TABLES `accion_telecontrol` WRITE;
/*!40000 ALTER TABLE `accion_telecontrol` DISABLE KEYS */;
INSERT INTO `accion_telecontrol` VALUES (1,1,'05','FF','00',0),(1,2,'05','00','00',0),(1,3,'02','00','01',0),(2,1,'05','FF','00',0),(2,2,'05','00','00',0),(2,3,'02','00','01',0),(3,1,'05','FF','00',0),(3,2,'05','00','00',0),(3,3,'02','00','01',0),(4,1,'05','FF','00',0),(4,2,'05','00','00',0),(4,3,'02','00','01',0),(5,1,'05','FF','00',0),(5,2,'05','00','00',0),(5,3,'02','00','01',0),(6,1,'05','FF','00',0),(6,2,'05','00','00',0),(6,3,'02','00','01',0),(7,1,'05','FF','00',0),(7,2,'05','00','00',0),(7,3,'02','00','01',0),(8,1,'05','FF','00',0),(8,2,'05','00','00',0),(8,3,'02','00','01',0),(9,1,'05','FF','00',0),(9,2,'05','00','00',0),(9,3,'02','00','01',0),(10,1,'05','FF','00',0),(10,2,'05','00','00',0),(10,3,'02','00','01',0),(11,1,'05','FF','00',0),(11,2,'05','00','00',0),(11,3,'02','00','01',0),(12,1,'05','FF','00',0),(12,2,'05','00','00',0),(12,3,'02','00','01',0),(13,1,'05','FF','00',0),(13,2,'05','00','00',0),(13,3,'02','00','01',0),(14,1,'05','FF','00',0),(14,2,'05','00','00',0),(14,3,'02','00','01',0),(15,1,'05','FF','00',0),(15,2,'05','00','00',0),(15,3,'02','00','01',0),(16,1,'05','FF','00',0),(16,2,'05','00','00',0),(16,3,'02','00','01',0),(18,1,'05','FF','00',0),(18,2,'05','00','00',0),(18,3,'02','00','01',0),(19,1,'05','FF','00',0),(19,2,'05','00','00',0),(19,3,'02','00','01',0),(20,1,'05','FF','00',0),(20,2,'05','00','00',0),(20,3,'02','00','01',0),(21,1,'05','FF','00',0),(21,2,'05','00','00',0),(21,3,'02','00','01',0),(22,1,'05','FF','00',0),(22,2,'05','00','00',0),(22,3,'02','00','01',0),(23,1,'05','FF','00',0),(23,2,'05','00','00',0),(23,3,'02','00','01',0),(24,1,'05','FF','00',0),(24,2,'05','00','00',0),(24,3,'02','00','01',0),(25,1,'05','FF','00',0),(25,2,'05','00','00',0),(25,3,'02','00','01',0),(26,1,'05','FF','00',0),(26,2,'05','00','00',0),(26,3,'02','00','01',0),(27,1,'05','FF','00',0),(27,2,'05','00','00',0),(27,3,'02','00','01',0),(28,1,'05','FF','00',0),(28,2,'05','00','00',0),(28,3,'02','00','01',0),(29,1,'05','FF','00',0),(29,2,'05','00','00',0),(29,3,'02','00','01',0),(30,1,'05','FF','00',0),(30,2,'05','00','00',0),(30,3,'02','00','01',0),(31,1,'05','FF','00',0),(31,2,'05','00','00',0),(31,3,'02','00','01',0),(32,1,'05','FF','00',0),(32,2,'05','00','00',0),(32,3,'02','00','01',0),(33,1,'05','FF','00',0),(33,2,'05','00','00',0),(33,3,'02','00','01',0),(34,1,'05','FF','00',0),(34,2,'05','00','00',0),(34,3,'02','00','01',0),(35,1,'05','FF','00',0),(35,2,'05','00','00',0),(35,3,'02','00','01',0),(36,1,'05','FF','00',0),(36,2,'05','00','00',0),(36,3,'02','00','01',0),(37,1,'05','FF','00',0),(37,2,'05','00','00',0),(37,3,'02','00','01',0),(38,1,'05','FF','00',0),(38,2,'05','00','00',0),(38,3,'02','00','01',0),(39,1,'05','FF','00',0),(39,2,'05','00','00',0),(39,3,'02','00','01',0),(40,1,'05','FF','00',0),(40,2,'05','00','00',0),(40,3,'02','00','01',0),(41,1,'05','FF','00',0),(41,2,'05','00','00',0),(41,3,'02','00','01',0),(42,1,'05','FF','00',0),(42,2,'05','00','00',0),(42,3,'02','00','01',0),(43,1,'05','FF','00',0),(43,2,'05','00','00',0),(43,3,'02','00','01',0);
/*!40000 ALTER TABLE `accion_telecontrol` ENABLE KEYS */;
UNLOCK TABLES;

--
-- Table structure for table `clases_abonos`
--

DROP TABLE IF EXISTS `clases_abonos`;
/*!40101 SET @saved_cs_client     = @@character_set_client */;
/*!40101 SET character_set_client = utf8 */;
CREATE TABLE `clases_abonos` (
  `idclases_abonos` int(11) NOT NULL DEFAULT '0',
  `tipo_abono` varchar(10) DEFAULT NULL COMMENT '1 fungicida',
  `inicio` int(11) DEFAULT NULL,
  `duracion` int(11) DEFAULT NULL,
  PRIMARY KEY (`idclases_abonos`)
) ENGINE=InnoDB DEFAULT CHARSET=utf8;
/*!40101 SET character_set_client = @saved_cs_client */;

--
-- Dumping data for table `clases_abonos`
--

LOCK TABLES `clases_abonos` WRITE;
/*!40000 ALTER TABLE `clases_abonos` DISABLE KEYS */;
INSERT INTO `clases_abonos` VALUES (1,'Abono',5,30),(2,'Acido',35,10),(3,'Soplante',5,25);
/*!40000 ALTER TABLE `clases_abonos` ENABLE KEYS */;
UNLOCK TABLES;

--
-- Temporary view structure for view `lst_obj_telecontrol`
--

DROP TABLE IF EXISTS `lst_obj_telecontrol`;
/*!50001 DROP VIEW IF EXISTS `lst_obj_telecontrol`*/;
SET @saved_cs_client     = @@character_set_client;
SET character_set_client = utf8;
/*!50001 CREATE VIEW `lst_obj_telecontrol` AS SELECT 
 1 AS `idObjeto`,
 1 AS `nombre`,
 1 AS `tipo_conexion`,
 1 AS `conexion`,
 1 AS `direccionHex`,
 1 AS `estado`,
 1 AS `posicion`,
 1 AS `esclavo`,
 1 AS `control_tarifa`*/;
SET character_set_client = @saved_cs_client;

--
-- Temporary view structure for view `lst_valvulas`
--

DROP TABLE IF EXISTS `lst_valvulas`;
/*!50001 DROP VIEW IF EXISTS `lst_valvulas`*/;
SET @saved_cs_client     = @@character_set_client;
SET character_set_client = utf8;
/*!50001 CREATE VIEW `lst_valvulas` AS SELECT 
 1 AS `idRemota`,
 1 AS `remota`,
 1 AS `idvalvula`,
 1 AS `valvula`,
 1 AS `estado`,
 1 AS `idProgramador`,
 1 AS `posicion`,
 1 AS `orden`*/;
SET character_set_client = @saved_cs_client;

--
-- Table structure for table `obj_telecontrol`
--

DROP TABLE IF EXISTS `obj_telecontrol`;
/*!40101 SET @saved_cs_client     = @@character_set_client */;
/*!40101 SET character_set_client = utf8 */;
CREATE TABLE `obj_telecontrol` (
  `idobj_telecontrol` int(11) NOT NULL AUTO_INCREMENT,
  `nombre` varchar(45) DEFAULT NULL,
  `tipo_conexion` varchar(6) DEFAULT NULL,
  `conexion` varchar(45) DEFAULT NULL,
  `direccionHex` varchar(8) DEFAULT NULL,
  `estado` varchar(10) DEFAULT NULL,
  `posicion` varchar(4000) DEFAULT NULL,
  `esclavo` varchar(14) DEFAULT NULL,
  `control_tarifa` varchar(2) DEFAULT '0',
  `orden` int(11) DEFAULT '1',
  PRIMARY KEY (`idobj_telecontrol`)
) ENGINE=InnoDB AUTO_INCREMENT=46 DEFAULT CHARSET=utf8;
/*!40101 SET character_set_client = @saved_cs_client */;

--
-- Dumping data for table `obj_telecontrol`
--

LOCK TABLES `obj_telecontrol` WRITE;
/*!40000 ALTER TABLE `obj_telecontrol` DISABLE KEYS */;
INSERT INTO `obj_telecontrol` VALUES (1,'Bomba 1','IP','83.230.251.104/504','0010','abierta','41.337684, -4.465914','0000000000060A','0',1),(2,'Bomba 3','IP','83.230.251.104/504','0011','cerrada','41.334875, -4.462690','0000000000060A','0',1),(3,'Bomba Acido Nave','IP','83.230.251.104/504','0012','cerrada','41.333487, -4.468588','0000000000060A','0',1),(4,'Bomba Abono Nave','IP','83.230.251.104/504','0013','cerrada','41.333475, -4.468623','0000000000060A','0',1),(5,'Soplante','IP','83.230.251.104/504','0014','cerrada','41.333487, -4.468914','0000000000060A','0',1),(6,'Sector 1','IP','83.230.251.104/504','0015','cerrada','41.333484, -4.468623','0000000000060A','0',1),(7,'Sector 2','IP','83.230.251.104/504','0016','cerrada','41.333484, -4.468624','0000000000060A','0',1),(8,'Sector 3','IP','83.230.251.104/504','0017','cerrada','41.333484, -4.468625','0000000000060A','0',1),(9,'Acido Sector 1','IP','83.230.251.104/504','0018','cerrada','41.333484, -4.468626','0000000000060A','0',1),(10,'Acido Sector 2','IP','83.230.251.104/504','0019','cerrada','41.333484, -4.468627','0000000000060A','0',1),(11,'Acido Sector 3','IP','83.230.251.104/504','001A','cerrada','41.333484, -4.468627','0000000000060A','0',1),(12,'Abono Sector 1','IP','83.230.251.104/504','001B','cerrada',NULL,'0000000000060A','0',1),(13,'Abono Sector 2','IP','83.230.251.104/504','001C','cerrada','41.333484, -4.468627','0000000000060A','0',1),(14,'Abono Sector 3','IP','83.230.251.104/504','001D','cerrada','41.333484, -4.468627','0000000000060A','0',1),(15,'Reset Presión Máxima Nave','IP','83.230.251.104/504','001E','cerrada','41.333484, -4.468627','0000000000060A','0',1),(16,'Generador','IP','83.230.251.104/504','001F','cerrada','41.333484, -4.468627','0000000000060A','0',1),(17,'CAZANCO','IP','127.0.0.1','0000','titulo','41.333484, -4.468627','0000000000060A','0',1),(18,'Bomba 2','IP','83.230.251.104/504','0010','cerrada','41.333484, -4.468627','0000000000060A','0',1),(19,'Rebombeo','IP','83.230.251.104/504','0011','cerrada','41.333484, -4.468627','0000000000060A','0',1),(20,'Bomba Acido Cazanco','IP','83.230.251.104/504','0012','cerrada','41.333484, -4.468627','0000000000060A','0',1),(21,'Bomba Abono Cazanco','IP','83.230.251.104/504','0013','cerrada','41.333484, -4.468627','0000000000060A','0',1),(22,'Soplante','IP','83.230.251.104/504','0014','cerrada','41.333484, -4.468627','0000000000060A','0',1),(23,'Sector 4','IP','83.230.251.104/504','0015','cerrada','41.333484, -4.468627','0000000000060A','0',1),(24,'Sector 5','IP','83.230.251.104/504','0016','cerrada','41.333484, -4.468627','0000000000060A','0',1),(25,'Sector 6','IP','83.230.251.104/504','0017','cerrada','41.333484, -4.468627','0000000000060A','0',1),(26,'Acido Sector 4','IP','83.230.251.104/504','0018','cerrada','41.333484, -4.468627','0000000000060A','0',1),(27,'Acido Sector 5','IP','83.230.251.104/504','0019','cerrada','41.333484, -4.468627','0000000000060A','0',1),(28,'Acido Sector 6','IP','83.230.251.104/504','001A','cerrada','41.333484, -4.468627','0000000000060A','0',1),(29,'Abono Sector 4','IP','83.230.251.104/504','001B','cerrada','41.333484, -4.468627','0000000000060A','0',1),(30,'Abono Sector 5','IP','83.230.251.104/504','001C','cerrada','41.333484, -4.468627','0000000000060A','0',1),(31,'Abono Sector 6','IP','83.230.251.104/504','001D','cerrada','41.333484, -4.468627','0000000000060A','0',1),(32,'Reset Presión Máxima Cazanco','IP','83.230.251.104/504','001E','cerrada','41.333484, -4.468627','0000000000060A','0',1),(33,'Valvula 1','IP','83.230.251.104/504','0F96','cerrada','41.337684, -4.465914','0000000000060A','1',0),(34,'Valvula 2','IP','83.230.251.104/504','0F9A','cerrada','41.334875, -4.462690','0000000000060A','1',0),(35,'Valvula 3','IP','83.230.251.104/504','0F9E','cerrada','41.333487, -4.468588','0000000000060A','1',0),(36,'Valvula 4','IP','83.230.251.104/504','0FA2','cerrada','41.333475, -4.468623','0000000000060A','1',0),(37,'Valvula 5','IP','83.230.251.104/504','0FA6','cerrada',NULL,'0000000000060A','1',0),(38,'Valvula 6','IP','83.230.251.104/504','0FAA','cerrada','41.333484, -4.468623','0000000000060A','1',0),(39,'Valvula 7 - A','IP','83.230.251.104/504','0FAE','cerrada','','0000000000060A','1',0),(40,'Valvula 7 - B','IP','83.230.251.104/504','0FAF','cerrada','','0000000000060A','1',0),(41,'Valvula 7 - C','IP','83.230.251.104/504','0FB0','cerrada','','0000000000060A','1',0),(42,'Valvula 8','IP','83.230.251.104/504','0FB2','cerrada','','0000000000060A','1',0),(43,'Valvula 9','IP','83.230.251.104/504','0FB6','cerrada','','0000000000060A','1',0);
/*!40000 ALTER TABLE `obj_telecontrol` ENABLE KEYS */;
UNLOCK TABLES;

--
-- Table structure for table `parcelas`
--

DROP TABLE IF EXISTS `parcelas`;
/*!40101 SET @saved_cs_client     = @@character_set_client */;
/*!40101 SET character_set_client = utf8 */;
CREATE TABLE `parcelas` (
  `idparcelas` int(11) NOT NULL,
  `descripcion` varchar(45) DEFAULT NULL,
  `idsector` int(11) DEFAULT NULL,
  PRIMARY KEY (`idparcelas`)
) ENGINE=InnoDB DEFAULT CHARSET=utf8;
/*!40101 SET character_set_client = @saved_cs_client */;

--
-- Dumping data for table `parcelas`
--

LOCK TABLES `parcelas` WRITE;
/*!40000 ALTER TABLE `parcelas` DISABLE KEYS */;
INSERT INTO `parcelas` VALUES (1,'Bajo Alvaro',1),(2,'Cotarra Alvaro',1),(3,'Bajo Arroyo',1),(4,'Cotarra Arroyo',1),(5,'1',2),(6,'2',2),(7,'3',2),(8,'4',2),(9,'5',2),(10,'Chirivias',3),(11,'Arroyo',3),(12,'Chirivias Chañe',3),(13,'Postura 1',4),(14,'Postura 2',4),(15,'Postura 1',5),(16,'Postura 2',5),(17,'Postura 3',5),(18,'Postura 1',6),(19,'Postura 2',6),(20,'Postura 3',6),(21,'Postura 4',6),(22,'Caz',7),(23,'Carretera',7),(24,'Camino',7),(25,'Caz',8),(26,'Pinar',8),(27,'Postura 1',9),(28,'Postura 1',10),(29,'Postura 2',10),(30,'Postura 3',10),(31,'Postura 4',10),(32,'Postura 5',10),(33,'Postura 6',10),(34,'Postura 7',10),(35,'Postura 8',10),(36,'Nave',11),(37,'Cañada',11),(38,'Chañe',12),(39,'Pinar',12),(40,'Postura 1',13),(41,'Postura 2',13),(42,'Postura 3',13),(43,'Postura 4',13);
/*!40000 ALTER TABLE `parcelas` ENABLE KEYS */;
UNLOCK TABLES;

--
-- Table structure for table `planificaciones`
--

DROP TABLE IF EXISTS `planificaciones`;
/*!40101 SET @saved_cs_client     = @@character_set_client */;
/*!40101 SET character_set_client = utf8 */;
CREATE TABLE `planificaciones` (
  `idPlanificacion` int(11) NOT NULL AUTO_INCREMENT,
  `Nombre` varchar(40) NOT NULL,
  `F_inicio` date NOT NULL,
  `F_fin` date NOT NULL,
  `H_inicio` time NOT NULL,
  `H_fin` time NOT NULL,
  `ArrayDiasSemana` varchar(15) DEFAULT 'L/M/X/J/V/S/D',
  `ArrayIdObjetosTelecontrol` varchar(60) DEFAULT NULL,
  `ArrayIdProgramacionesTelecontrol` varchar(600) DEFAULT NULL,
  PRIMARY KEY (`idPlanificacion`)
) ENGINE=InnoDB AUTO_INCREMENT=5 DEFAULT CHARSET=latin1;
/*!40101 SET character_set_client = @saved_cs_client */;

--
-- Dumping data for table `planificaciones`
--

LOCK TABLES `planificaciones` WRITE;
/*!40000 ALTER TABLE `planificaciones` DISABLE KEYS */;
INSERT INTO `planificaciones` VALUES (1,'Plani Bomba 1','2016-07-11','2016-07-11','23:38:00','00:35:00','1,2,3,4,5,6,0','1','1,2,'),(2,'Plani Bomba 3','2016-07-12','2016-07-12','04:00:00','05:00:00','1,2,3,4,5,6,0','2','3,4,'),(3,'Plani Sector 1','2016-07-12','2016-07-12','08:00:00','10:00:00','1,2,3,4,5,6,0','6','5,6,'),(4,'Plani Abono 1','2016-07-11','2016-07-11','23:55:00','03:00:00','1,2,3,4,5,6,0','6,12','9,10,11,12,');
/*!40000 ALTER TABLE `planificaciones` ENABLE KEYS */;
UNLOCK TABLES;

--
-- Temporary view structure for view `posturaparcelaarranca`
--

DROP TABLE IF EXISTS `posturaparcelaarranca`;
/*!50001 DROP VIEW IF EXISTS `posturaparcelaarranca`*/;
SET @saved_cs_client     = @@character_set_client;
SET character_set_client = utf8;
/*!50001 CREATE VIEW `posturaparcelaarranca` AS SELECT 
 1 AS `idparcelas`,
 1 AS `idparcela`,
 1 AS `fecha`,
 1 AS `Fin`*/;
SET character_set_client = @saved_cs_client;

--
-- Table structure for table `posturas`
--

DROP TABLE IF EXISTS `posturas`;
/*!40101 SET @saved_cs_client     = @@character_set_client */;
/*!40101 SET character_set_client = utf8 */;
CREATE TABLE `posturas` (
  `idposturas` int(11) NOT NULL AUTO_INCREMENT,
  `duracion` int(11) DEFAULT NULL,
  `idprogramacion_postura` int(11) NOT NULL,
  `idparcelas` int(11) DEFAULT NULL,
  `observaciones` varchar(400) DEFAULT NULL,
  PRIMARY KEY (`idposturas`),
  KEY `fk_posturas_programacion_posturas1_idx` (`idprogramacion_postura`),
  CONSTRAINT `fk_posturas_programacion_posturas1` FOREIGN KEY (`idprogramacion_postura`) REFERENCES `programacion_posturas` (`idprogramacion_postura`) ON DELETE NO ACTION ON UPDATE NO ACTION
) ENGINE=InnoDB AUTO_INCREMENT=549 DEFAULT CHARSET=utf8;
/*!40101 SET character_set_client = @saved_cs_client */;

--
-- Dumping data for table `posturas`
--

LOCK TABLES `posturas` WRITE;
/*!40000 ALTER TABLE `posturas` DISABLE KEYS */;
INSERT INTO `posturas` VALUES (1,120,5,NULL,NULL),(2,120,5,NULL,NULL),(3,100,4,NULL,NULL),(5,100,2,NULL,NULL),(6,100,1,NULL,NULL),(7,54,6,NULL,NULL),(8,54,6,NULL,NULL),(9,54,6,NULL,NULL),(10,54,6,NULL,NULL),(11,54,6,NULL,NULL),(12,54,7,NULL,NULL),(13,54,7,NULL,NULL),(14,54,7,NULL,NULL),(15,54,7,NULL,NULL),(16,54,7,NULL,NULL),(17,54,8,NULL,NULL),(18,54,8,NULL,NULL),(19,54,8,NULL,NULL),(20,54,8,NULL,NULL),(21,54,8,NULL,NULL),(22,60,9,NULL,NULL),(23,60,9,NULL,NULL),(24,60,9,NULL,NULL),(25,60,9,NULL,NULL),(26,60,9,NULL,NULL),(27,60,10,NULL,NULL),(28,60,10,NULL,NULL),(29,60,10,NULL,NULL),(30,60,10,NULL,NULL),(31,60,10,NULL,NULL),(32,35,11,NULL,NULL),(33,35,11,NULL,NULL),(34,35,11,NULL,NULL),(35,35,11,NULL,NULL),(36,63,12,NULL,NULL),(37,63,12,NULL,NULL),(38,63,12,NULL,NULL),(39,63,12,NULL,NULL),(40,63,13,NULL,NULL),(41,63,13,NULL,NULL),(42,63,13,NULL,NULL),(43,63,13,NULL,NULL),(44,63,14,NULL,NULL),(45,63,14,NULL,NULL),(46,63,14,NULL,NULL),(47,63,14,NULL,NULL),(48,63,15,NULL,NULL),(49,63,15,NULL,NULL),(50,63,15,NULL,NULL),(51,63,15,NULL,NULL),(52,63,16,NULL,NULL),(53,63,16,NULL,NULL),(54,63,16,NULL,NULL),(55,63,16,NULL,NULL),(56,63,17,NULL,NULL),(57,63,17,NULL,NULL),(58,63,17,NULL,NULL),(59,63,17,NULL,NULL),(60,63,18,NULL,NULL),(61,63,18,NULL,NULL),(62,63,18,NULL,NULL),(63,63,18,NULL,NULL),(64,63,19,NULL,NULL),(65,63,19,NULL,NULL),(66,63,19,NULL,NULL),(67,63,19,NULL,NULL),(68,30,20,NULL,NULL),(69,30,20,NULL,NULL),(70,30,20,NULL,NULL),(71,30,20,NULL,NULL),(72,60,21,NULL,NULL),(73,60,21,NULL,NULL),(74,60,21,NULL,NULL),(75,60,21,NULL,NULL),(76,45,22,NULL,NULL),(77,45,22,NULL,NULL),(78,45,22,NULL,NULL),(79,45,22,NULL,NULL),(80,180,23,NULL,NULL),(81,180,23,NULL,NULL),(82,180,23,NULL,NULL),(98,300,33,NULL,NULL),(103,1380,38,NULL,NULL),(108,120,44,2,NULL),(109,120,44,2,NULL),(110,120,44,2,NULL),(117,120,47,1,NULL),(119,840,49,1,NULL),(121,97,51,3,'112454545null'),(122,60,52,1,NULL),(123,60,53,0,NULL),(124,120,54,2,NULL),(135,60,59,0,NULL),(136,60,60,0,NULL),(137,60,61,0,NULL),(138,60,62,1,''),(139,60,63,2,''),(140,10,64,4,''),(141,15,65,0,NULL),(142,60,66,9,''),(143,60,67,2,''),(144,120,68,23,''),(146,60,70,15,'hola'),(147,60,71,31,''),(148,15,72,3,''),(149,15,73,6,''),(150,10,74,1,''),(151,10,75,1,''),(152,60,76,1,''),(153,5,77,1,''),(154,5,78,1,''),(155,15,79,1,''),(156,10,80,1,''),(158,60,82,23,''),(159,60,83,0,NULL),(160,60,84,1,''),(161,60,85,1,''),(162,60,86,1,''),(163,60,87,1,''),(164,60,88,29,''),(165,5,89,5,''),(166,5,90,8,''),(167,5,91,5,''),(168,5,92,8,''),(169,5,93,5,''),(170,5,94,8,''),(171,5,95,16,''),(173,6,97,5,''),(174,6,98,8,''),(175,6,99,5,''),(176,6,100,8,''),(177,6,101,1,''),(178,6,102,5,''),(179,6,103,8,''),(180,6,104,23,''),(181,6,105,29,''),(182,6,106,34,''),(183,6,107,36,''),(184,6,108,1,''),(185,6,109,2,''),(186,6,110,3,''),(187,6,111,5,''),(188,6,112,8,''),(189,6,113,16,''),(190,6,114,18,''),(191,6,115,23,''),(192,5,116,40,''),(193,2,117,34,''),(194,4,118,5,''),(195,5,119,6,''),(196,65,120,8,''),(197,5,121,1,''),(198,20,122,1,''),(199,70,123,2,''),(200,10,124,3,''),(201,4,125,5,''),(202,6,126,16,''),(203,3,127,1,''),(204,3,128,16,''),(205,2,129,13,''),(206,3,130,16,''),(207,3,131,23,''),(208,2,132,33,''),(209,3,133,38,''),(210,6,134,1,''),(211,11,135,29,''),(212,11,136,1,''),(213,11,137,16,''),(214,10,138,23,''),(215,2,139,36,''),(216,60,140,1,''),(217,60,141,5,''),(218,60,142,34,''),(221,60,145,0,NULL),(224,60,149,13,''),(225,60,150,13,''),(226,60,151,13,''),(462,60,387,13,''),(463,60,388,13,''),(464,60,389,1,''),(466,60,391,1,''),(468,60,393,16,''),(469,60,394,0,NULL),(470,60,395,0,NULL),(471,60,396,8,''),(472,60,397,11,''),(473,60,398,23,''),(474,60,399,13,''),(475,60,400,19,''),(476,60,401,36,''),(477,180,402,29,''),(478,180,403,33,''),(479,240,404,13,''),(484,60,409,0,NULL),(488,60,413,1,''),(490,60,415,16,''),(491,60,416,16,''),(492,60,417,6,'esta es una obsrvacion'),(493,210,418,29,''),(494,210,419,29,''),(495,60,420,23,''),(496,60,421,1,''),(497,60,422,1,''),(498,60,423,1,''),(499,60,424,1,''),(500,60,425,1,''),(501,60,426,0,NULL),(502,60,427,1,''),(503,60,428,1,''),(504,20,429,0,NULL),(505,5,430,26,''),(506,10,431,1,'hola'),(507,10,432,1,''),(508,10,433,23,''),(509,5,434,1,''),(510,60,435,1,''),(511,60,436,5,''),(512,120,437,1,'mis observaciones'),(513,120,438,14,'pues el cielo esta enladillado'),(514,60,439,36,''),(515,180,440,29,''),(516,180,441,33,''),(517,60,442,1,''),(518,20,443,2,'hola'),(519,15,444,5,''),(520,15,445,9,''),(521,5,446,6,''),(522,10,447,1,''),(523,5,448,4,''),(524,5,449,22,''),(525,5,450,5,''),(526,5,451,9,''),(528,5,453,6,''),(529,5,454,9,''),(530,60,455,1,''),(531,60,456,1,''),(532,120,457,1,''),(533,60,458,10,''),(534,60,459,3,''),(535,60,460,1,''),(536,180,461,20,''),(537,10,462,6,''),(538,5,463,22,''),(539,5,464,5,''),(540,5,465,9,''),(541,5,466,27,''),(542,5,467,27,''),(543,60,468,5,''),(544,60,469,9,''),(545,5,470,1,''),(546,3,471,1,''),(547,3,472,15,''),(548,3,473,9,'');
/*!40000 ALTER TABLE `posturas` ENABLE KEYS */;
UNLOCK TABLES;

--
-- Temporary view structure for view `posturas_arranca`
--

DROP TABLE IF EXISTS `posturas_arranca`;
/*!50001 DROP VIEW IF EXISTS `posturas_arranca`*/;
SET @saved_cs_client     = @@character_set_client;
SET character_set_client = utf8;
/*!50001 CREATE VIEW `posturas_arranca` AS SELECT 
 1 AS `idprogramacion_postura`,
 1 AS `idposturas`,
 1 AS `fecha`,
 1 AS `inicio`*/;
SET character_set_client = @saved_cs_client;

--
-- Temporary view structure for view `posturas_para`
--

DROP TABLE IF EXISTS `posturas_para`;
/*!50001 DROP VIEW IF EXISTS `posturas_para`*/;
SET @saved_cs_client     = @@character_set_client;
SET character_set_client = utf8;
/*!50001 CREATE VIEW `posturas_para` AS SELECT 
 1 AS `idprogramacion_postura`,
 1 AS `idposturas`,
 1 AS `fecha`,
 1 AS `inicio`,
 1 AS `duracion`,
 1 AS `fin`*/;
SET character_set_client = @saved_cs_client;

--
-- Temporary view structure for view `primera_postura`
--

DROP TABLE IF EXISTS `primera_postura`;
/*!50001 DROP VIEW IF EXISTS `primera_postura`*/;
SET @saved_cs_client     = @@character_set_client;
SET character_set_client = utf8;
/*!50001 CREATE VIEW `primera_postura` AS SELECT 
 1 AS `primera`,
 1 AS `idprogramacion_postura`*/;
SET character_set_client = @saved_cs_client;

--
-- Table structure for table `programacion`
--

DROP TABLE IF EXISTS `programacion`;
/*!40101 SET @saved_cs_client     = @@character_set_client */;
/*!40101 SET character_set_client = utf8 */;
CREATE TABLE `programacion` (
  `idprogramacion` int(11) NOT NULL AUTO_INCREMENT,
  `id_remota` int(11) NOT NULL,
  `id_valvula` int(11) NOT NULL,
  `fecha_hora` datetime NOT NULL,
  `des_accion` int(11) NOT NULL,
  `trama` varchar(24) NOT NULL,
  `enviado` int(11) NOT NULL DEFAULT '0',
  `resultado` varchar(250) DEFAULT NULL,
  `error` varchar(250) DEFAULT NULL,
  PRIMARY KEY (`idprogramacion`)
) ENGINE=InnoDB AUTO_INCREMENT=2 DEFAULT CHARSET=utf8;
/*!40101 SET character_set_client = @saved_cs_client */;

--
-- Dumping data for table `programacion`
--

LOCK TABLES `programacion` WRITE;
/*!40000 ALTER TABLE `programacion` DISABLE KEYS */;
INSERT INTO `programacion` VALUES (1,1,1,'2016-07-14 22:13:00',0,'01220F9602FF5BD5',0,'Se ha guardado la programación para el 14-07-16 a las 22:13',NULL);
/*!40000 ALTER TABLE `programacion` ENABLE KEYS */;
UNLOCK TABLES;

--
-- Table structure for table `programacion_posturas`
--

DROP TABLE IF EXISTS `programacion_posturas`;
/*!40101 SET @saved_cs_client     = @@character_set_client */;
/*!40101 SET character_set_client = utf8 */;
CREATE TABLE `programacion_posturas` (
  `idprogramacion_postura` int(11) NOT NULL AUTO_INCREMENT,
  `idsector` int(11) NOT NULL,
  `fecha` datetime NOT NULL,
  `minutos` int(11) DEFAULT NULL,
  PRIMARY KEY (`idprogramacion_postura`),
  KEY `fk_posturas_sectores1_idx` (`idsector`),
  CONSTRAINT `fk_posturas_sectores1` FOREIGN KEY (`idsector`) REFERENCES `sectores` (`idsector`) ON DELETE NO ACTION ON UPDATE NO ACTION
) ENGINE=InnoDB AUTO_INCREMENT=474 DEFAULT CHARSET=utf8;
/*!40101 SET character_set_client = @saved_cs_client */;

--
-- Dumping data for table `programacion_posturas`
--

LOCK TABLES `programacion_posturas` WRITE;
/*!40000 ALTER TABLE `programacion_posturas` DISABLE KEYS */;
INSERT INTO `programacion_posturas` VALUES (1,1,'2000-01-01 17:38:36',120),(2,1,'2015-04-24 17:39:06',240),(4,2,'2015-04-30 17:50:00',240),(5,2,'2015-05-01 17:50:00',240),(6,1,'2015-04-25 09:00:00',270),(7,1,'2015-04-25 09:00:00',270),(8,1,'2015-04-25 09:00:00',270),(9,2,'2015-05-07 23:29:00',300),(10,2,'2015-05-07 23:29:00',300),(11,1,'2015-04-16 00:08:00',140),(12,1,'2015-04-29 09:15:00',255),(13,1,'2015-04-29 09:15:00',255),(14,1,'2015-04-29 09:15:00',255),(15,1,'2015-04-29 09:15:00',255),(16,1,'2015-04-29 09:15:00',255),(17,1,'2015-04-29 09:15:00',255),(18,1,'2015-04-29 09:15:00',255),(19,1,'2015-04-29 09:15:00',255),(20,1,'2015-05-06 10:20:00',120),(21,1,'2015-05-13 21:30:00',240),(22,2,'2015-05-29 18:00:00',180),(23,1,'2015-05-30 00:00:00',540),(33,2,'2015-06-08 16:00:00',300),(38,2,'2015-06-08 17:36:00',1380),(39,3,'2015-06-25 14:00:00',360),(40,3,'2015-06-25 12:00:00',360),(41,3,'2015-06-23 15:06:00',360),(42,3,'2015-06-23 15:09:00',60),(44,3,'2015-06-23 07:50:00',360),(47,2,'2015-06-23 08:30:00',120),(49,5,'2015-06-23 07:00:00',840),(51,1,'2015-06-24 09:50:00',97),(52,2,'2015-06-24 21:07:00',60),(53,2,'2015-06-23 21:07:00',60),(54,3,'2015-07-01 19:07:00',120),(59,2,'2015-07-02 23:30:00',60),(60,5,'2015-07-03 00:00:00',60),(61,1,'2015-07-03 00:10:00',60),(62,1,'2015-07-03 17:26:00',60),(63,2,'2015-07-03 18:09:00',60),(64,3,'2015-07-03 17:02:00',10),(65,7,'2015-04-30 17:52:00',60),(66,3,'2015-07-04 11:05:00',60),(67,1,'2015-07-04 10:30:00',60),(68,7,'2015-07-04 11:03:00',120),(70,5,'2015-07-04 12:50:00',60),(71,8,'2015-07-04 13:11:00',60),(72,1,'2015-07-04 13:38:00',15),(73,2,'2015-07-04 14:11:00',15),(74,1,'2015-07-04 14:41:00',10),(75,1,'2015-07-04 14:56:00',10),(76,1,'2015-07-04 15:03:00',60),(77,1,'2015-07-04 15:08:00',5),(78,1,'2015-07-04 15:16:00',5),(79,1,'2015-07-04 15:26:00',15),(80,1,'2015-07-04 15:36:00',10),(82,7,'2015-07-05 18:14:00',60),(83,5,'2015-07-05 17:30:00',60),(84,1,'2015-07-05 17:49:00',60),(85,1,'2015-07-05 17:57:00',60),(86,1,'2015-07-05 18:29:00',60),(87,1,'2015-07-05 21:47:00',60),(88,8,'2015-07-05 21:58:00',60),(89,2,'2015-07-07 08:47:00',5),(90,3,'2015-07-07 08:51:00',5),(91,2,'2015-07-07 08:55:00',5),(92,3,'2015-07-07 08:59:00',5),(93,2,'2015-07-07 09:06:00',5),(94,3,'2015-07-07 09:10:00',5),(95,6,'2015-07-07 09:13:00',5),(97,2,'2015-07-07 09:20:00',6),(98,3,'2015-07-07 09:25:00',6),(99,2,'2015-07-07 09:30:00',6),(100,3,'2015-07-07 09:35:00',6),(101,1,'2015-07-08 10:10:00',6),(102,2,'2015-07-08 10:10:00',6),(103,3,'2015-07-08 10:15:00',6),(104,7,'2015-07-08 10:15:00',6),(105,8,'2015-07-08 10:20:00',6),(106,10,'2015-07-08 10:25:00',6),(107,11,'2015-07-08 10:30:00',6),(108,1,'2015-07-08 10:55:00',6),(109,1,'2015-07-08 11:00:00',6),(110,1,'2015-07-08 11:05:00',6),(111,2,'2015-07-08 11:05:00',6),(112,3,'2015-07-08 11:10:00',6),(113,6,'2015-07-08 11:10:00',6),(114,6,'2015-07-08 11:15:00',6),(115,7,'2015-07-08 11:20:00',6),(116,13,'2015-07-08 11:32:00',5),(117,10,'2015-07-08 11:44:00',2),(118,2,'2015-07-08 12:06:00',4),(119,2,'2015-07-08 12:10:00',5),(120,3,'2015-07-08 12:15:00',16),(121,1,'2015-07-08 12:15:00',5),(122,2,'2015-07-08 18:45:00',20),(123,1,'2015-07-08 18:05:00',70),(124,1,'2015-07-08 18:40:00',10),(125,2,'2015-07-09 11:58:00',4),(126,6,'2015-07-09 11:54:00',6),(127,1,'2015-07-09 12:08:00',3),(128,6,'2015-07-09 12:10:00',3),(129,5,'2015-07-09 13:05:00',2),(130,6,'2015-07-09 13:11:00',3),(131,7,'2015-07-09 13:14:00',3),(132,9,'2015-07-09 13:20:00',2),(133,12,'2015-07-09 13:17:00',3),(134,1,'2015-07-09 13:30:00',6),(135,8,'2015-07-09 13:35:00',11),(136,1,'2015-07-09 13:35:00',11),(137,6,'2015-07-09 13:45:00',11),(138,7,'2015-07-09 13:45:00',10),(139,11,'2015-07-09 13:55:00',2),(140,1,'2015-07-22 19:10:00',60),(141,2,'2015-07-22 18:30:00',60),(142,10,'0000-00-21 22:50:00',60),(145,5,'2015-08-19 18:52:00',60),(148,5,'2015-08-10 18:05:00',60),(149,5,'2015-08-10 18:05:00',60),(150,5,'2015-08-10 18:05:00',60),(151,5,'2015-08-14 18:05:00',60),(387,5,'2015-08-14 14:00:00',60),(388,5,'2015-08-14 14:00:00',60),(389,1,'2015-08-14 20:00:00',60),(391,1,'2015-08-03 22:02:00',60),(393,6,'2000-01-01 21:00:00',60),(394,2,'2000-01-01 21:45:00',60),(395,9,'2000-01-01 21:45:00',60),(396,3,'2000-01-01 00:05:00',60),(397,4,'2015-08-04 10:45:00',60),(398,7,'2015-08-05 21:00:00',60),(399,5,'2015-08-03 22:07:00',60),(400,6,'2015-08-04 10:50:00',60),(401,11,'2000-01-01 10:00:00',60),(402,8,'2000-01-01 11:30:00',180),(403,9,'2000-01-01 11:30:00',180),(404,5,'2000-01-01 11:00:00',240),(409,1,'2000-01-01 12:00:00',60),(413,1,'2000-01-01 14:26:00',60),(415,6,'2015-08-03 21:00:00',60),(416,6,'2015-08-04 03:25:00',60),(417,2,'2015-08-04 14:00:00',60),(418,8,'2000-01-01 14:00:00',210),(419,8,'2015-08-04 14:05:00',210),(420,7,'2015-08-04 21:01:00',60),(421,1,'2015-08-18 13:50:00',60),(422,1,'2000-01-01 13:00:00',60),(423,1,'2015-08-17 12:41:00',60),(424,1,'2015-08-11 19:03:00',60),(425,1,'2015-08-13 12:45:00',60),(426,1,'2015-08-13 17:35:00',60),(427,1,'2015-08-13 18:25:00',60),(428,1,'2015-08-13 20:20:00',60),(429,1,'2015-08-16 16:38:00',20),(430,7,'2015-08-16 16:39:00',5),(431,1,'2015-08-16 18:30:00',10),(432,1,'2015-08-17 12:28:00',10),(433,7,'2015-08-17 12:41:00',10),(434,1,'2015-08-17 12:59:00',5),(435,1,'2015-08-24 13:15:00',60),(436,2,'2015-10-05 20:08:00',60),(437,1,'2016-04-01 20:00:00',120),(438,4,'2016-04-03 17:20:00',120),(439,11,'2016-04-14 10:00:00',60),(440,8,'2016-04-08 11:30:00',180),(441,9,'2016-04-20 11:30:00',180),(442,1,'2016-04-29 19:00:00',60),(443,1,'2016-04-19 20:25:00',20),(444,2,'2016-04-19 20:52:00',15),(445,2,'2016-04-19 23:19:00',5),(446,2,'2016-04-19 23:25:00',5),(447,1,'2016-04-20 23:32:00',10),(448,1,'2016-04-20 23:45:00',5),(449,7,'2016-04-20 23:47:00',5),(450,2,'2016-04-20 23:53:00',5),(451,2,'2016-04-20 23:59:00',5),(453,2,'2016-05-21 00:05:00',5),(454,2,'2016-05-21 00:13:00',5),(455,1,'2016-05-21 18:30:00',60),(456,1,'2016-05-18 22:20:00',60),(457,1,'2016-05-18 22:25:00',120),(458,3,'2016-05-18 22:30:00',60),(459,1,'2016-06-27 22:00:00',5),(460,1,'2016-05-12 21:05:00',60),(461,6,'2016-05-19 17:00:00',180),(462,2,'2016-05-23 17:55:00',10),(463,7,'2016-05-23 13:16:00',5),(464,2,'2016-05-23 22:05:00',5),(465,2,'2016-05-23 22:09:00',5),(466,9,'2016-05-23 22:15:00',5),(467,9,'2016-05-23 22:25:00',5),(468,2,'2016-06-06 21:00:00',10),(469,2,'2016-06-06 21:13:00',5),(470,1,'2016-06-21 17:30:00',5),(471,1,'2016-06-21 17:29:00',3),(472,5,'2016-06-21 17:28:00',3),(473,2,'2016-06-25 13:47:00',3);
/*!40000 ALTER TABLE `programacion_posturas` ENABLE KEYS */;
UNLOCK TABLES;

--
-- Table structure for table `programacion_telecontrol`
--

DROP TABLE IF EXISTS `programacion_telecontrol`;
/*!40101 SET @saved_cs_client     = @@character_set_client */;
/*!40101 SET character_set_client = utf8 */;
CREATE TABLE `programacion_telecontrol` (
  `idprogramacion` int(11) NOT NULL AUTO_INCREMENT,
  `idobj_telecontrol` int(11) NOT NULL,
  `fecha_hora` datetime NOT NULL,
  `des_accion` int(11) NOT NULL,
  `trama` varchar(40) NOT NULL,
  `enviado` int(11) NOT NULL DEFAULT '0',
  `resultado` varchar(250) DEFAULT NULL,
  `error` varchar(250) DEFAULT NULL,
  `planificado` int(1) NOT NULL DEFAULT '0',
  PRIMARY KEY (`idprogramacion`),
  KEY `fk_programacion_telecontrol_obj_telecontrol_idx` (`idobj_telecontrol`),
  CONSTRAINT `fk_programacion_telecontrol_obj_telecontrol` FOREIGN KEY (`idobj_telecontrol`) REFERENCES `obj_telecontrol` (`idobj_telecontrol`) ON DELETE NO ACTION ON UPDATE NO ACTION
) ENGINE=InnoDB DEFAULT CHARSET=utf8;
/*!40101 SET character_set_client = @saved_cs_client */;

--
-- Dumping data for table `programacion_telecontrol`
--

LOCK TABLES `programacion_telecontrol` WRITE;
/*!40000 ALTER TABLE `programacion_telecontrol` DISABLE KEYS */;
/*!40000 ALTER TABLE `programacion_telecontrol` ENABLE KEYS */;
UNLOCK TABLES;

--
-- Table structure for table `programadores`
--

DROP TABLE IF EXISTS `programadores`;
/*!40101 SET @saved_cs_client     = @@character_set_client */;
/*!40101 SET character_set_client = utf8 */;
CREATE TABLE `programadores` (
  `idProgramador` int(11) NOT NULL,
  `Nombre` varchar(45) NOT NULL,
  `ip` varchar(15) DEFAULT NULL,
  `puerto` int(11) DEFAULT NULL,
  PRIMARY KEY (`idProgramador`)
) ENGINE=InnoDB DEFAULT CHARSET=utf8;
/*!40101 SET character_set_client = @saved_cs_client */;

--
-- Dumping data for table `programadores`
--

LOCK TABLES `programadores` WRITE;
/*!40000 ALTER TABLE `programadores` DISABLE KEYS */;
INSERT INTO `programadores` VALUES (1,'Base','127.0.0.1',1969);
/*!40000 ALTER TABLE `programadores` ENABLE KEYS */;
UNLOCK TABLES;

--
-- Table structure for table `remotas`
--

DROP TABLE IF EXISTS `remotas`;
/*!40101 SET @saved_cs_client     = @@character_set_client */;
/*!40101 SET character_set_client = utf8 */;
CREATE TABLE `remotas` (
  `idRemota` int(11) NOT NULL,
  `Nombre` varchar(45) NOT NULL,
  `idProgramador` int(11) NOT NULL,
  PRIMARY KEY (`idRemota`),
  KEY `fk_remotas_programador1_idx` (`idProgramador`),
  CONSTRAINT `fk_remotas_programador1` FOREIGN KEY (`idProgramador`) REFERENCES `programadores` (`idProgramador`) ON DELETE NO ACTION ON UPDATE NO ACTION
) ENGINE=InnoDB DEFAULT CHARSET=utf8;
/*!40101 SET character_set_client = @saved_cs_client */;

--
-- Dumping data for table `remotas`
--

LOCK TABLES `remotas` WRITE;
/*!40000 ALTER TABLE `remotas` DISABLE KEYS */;
INSERT INTO `remotas` VALUES (1,'Remota Primera (1)',1),(2,'Remota Segunda (2)',1),(3,'Remota Tercera',1),(4,'Remota Cuarta',1),(5,'Remota Quinta',1),(6,'Remota Sexta',1),(7,'Remota Septima',1),(8,'Remota Octava',1),(9,'Remota Novena',1);
/*!40000 ALTER TABLE `remotas` ENABLE KEYS */;
UNLOCK TABLES;

--
-- Table structure for table `sectores`
--

DROP TABLE IF EXISTS `sectores`;
/*!40101 SET @saved_cs_client     = @@character_set_client */;
/*!40101 SET character_set_client = utf8 */;
CREATE TABLE `sectores` (
  `idsector` int(11) NOT NULL AUTO_INCREMENT,
  `nombre` varchar(25) DEFAULT NULL,
  PRIMARY KEY (`idsector`)
) ENGINE=InnoDB AUTO_INCREMENT=14 DEFAULT CHARSET=utf8;
/*!40101 SET character_set_client = @saved_cs_client */;

--
-- Dumping data for table `sectores`
--

LOCK TABLES `sectores` WRITE;
/*!40000 ALTER TABLE `sectores` DISABLE KEYS */;
INSERT INTO `sectores` VALUES (1,'Terrados Nuestros'),(2,'Terrados Lejos'),(3,'Salmorizas Arroyo'),(4,'Tio Tomas'),(5,'Trigo'),(6,'Salmorizas Chañe'),(7,'Cazanco'),(8,'Planasa Aguirre'),(9,'Semillero Tio Poyo'),(10,'Marques'),(11,'Fujitivo'),(12,'Angelines'),(13,'Pajarito');
/*!40000 ALTER TABLE `sectores` ENABLE KEYS */;
UNLOCK TABLES;

--
-- Temporary view structure for view `sectores_arranca`
--

DROP TABLE IF EXISTS `sectores_arranca`;
/*!50001 DROP VIEW IF EXISTS `sectores_arranca`*/;
SET @saved_cs_client     = @@character_set_client;
SET character_set_client = utf8;
/*!50001 CREATE VIEW `sectores_arranca` AS SELECT 
 1 AS `idsector`*/;
SET character_set_client = @saved_cs_client;

--
-- Temporary view structure for view `sectores_para`
--

DROP TABLE IF EXISTS `sectores_para`;
/*!50001 DROP VIEW IF EXISTS `sectores_para`*/;
SET @saved_cs_client     = @@character_set_client;
SET character_set_client = utf8;
/*!50001 CREATE VIEW `sectores_para` AS SELECT 
 1 AS `idsector`*/;
SET character_set_client = @saved_cs_client;

--
-- Table structure for table `sensores`
--

DROP TABLE IF EXISTS `sensores`;
/*!40101 SET @saved_cs_client     = @@character_set_client */;
/*!40101 SET character_set_client = utf8 */;
CREATE TABLE `sensores` (
  `idsensor` int(11) NOT NULL,
  `en_remota` tinyint(1) NOT NULL,
  `posicion` int(11) NOT NULL,
  `idValvula` int(11) NOT NULL,
  `idRemota` int(11) NOT NULL,
  PRIMARY KEY (`idsensor`),
  KEY `fk_sensores_valvulas_idx` (`idValvula`,`idRemota`),
  CONSTRAINT `fk_sensores_valvulas` FOREIGN KEY (`idValvula`, `idRemota`) REFERENCES `valvulas` (`idvalvula`, `idRemota`) ON DELETE NO ACTION ON UPDATE NO ACTION
) ENGINE=InnoDB DEFAULT CHARSET=utf8;
/*!40101 SET character_set_client = @saved_cs_client */;

--
-- Dumping data for table `sensores`
--

LOCK TABLES `sensores` WRITE;
/*!40000 ALTER TABLE `sensores` DISABLE KEYS */;
INSERT INTO `sensores` VALUES (1,1,1,1,1),(2,1,1,1,2),(3,1,1,1,3),(4,1,1,1,4),(5,1,1,1,5),(6,1,1,1,6),(7,1,1,1,7),(8,1,1,2,7),(9,1,1,3,7);
/*!40000 ALTER TABLE `sensores` ENABLE KEYS */;
UNLOCK TABLES;

--
-- Table structure for table `tarifas_electricas`
--

DROP TABLE IF EXISTS `tarifas_electricas`;
/*!40101 SET @saved_cs_client     = @@character_set_client */;
/*!40101 SET character_set_client = utf8 */;
CREATE TABLE `tarifas_electricas` (
  `Secuencia` int(11) DEFAULT NULL,
  `Fecha` text,
  `idTarifas_Electricas` int(11) DEFAULT NULL,
  `Descripcion` text,
  `Hora_Inicio` text,
  `Hora_Fin` text,
  `Tarifa` int(11) DEFAULT NULL,
  `Festivo` int(11) DEFAULT NULL
) ENGINE=InnoDB DEFAULT CHARSET=utf8;
/*!40101 SET character_set_client = @saved_cs_client */;

--
-- Dumping data for table `tarifas_electricas`
--

LOCK TABLES `tarifas_electricas` WRITE;
/*!40000 ALTER TABLE `tarifas_electricas` DISABLE KEYS */;
INSERT INTO `tarifas_electricas` VALUES (1,'2015-01-01 00:00:00',1,'Valle','0000-00-00 00:00:01','0000-00-00 07:59:59',3,0),(2,'2015-01-01 00:00:00',2,'Llano','0000-00-00 08:00:00','0000-00-00 16:59:59',4,0),(3,'2015-01-01 00:00:00',2,'Llano','0000-00-00 23:00:00','0000-00-00 23:59:59',4,0),(4,'2015-01-01 00:00:00',3,'Punta','0000-00-00 17:00:00','0000-00-00 22:59:59',8,0),(5,'2015-04-01 00:00:00',1,'Valle','0000-00-00 00:00:01','0000-00-00 07:59:59',3,0),(6,'2015-04-01 00:00:00',2,'Llano','0000-00-00 08:00:00','0000-00-00 09:59:59',4,0),(7,'2015-04-01 00:00:00',2,'Llano','0000-00-00 16:00:00','0000-00-00 23:59:59',4,0),(8,'2015-04-01 00:00:00',3,'Punta','0000-00-00 10:00:00','0000-00-00 15:59:59',8,0),(9,'2015-10-01 00:00:00',1,'Valle','0000-00-00 00:00:01','0000-00-00 07:59:59',3,0),(10,'2015-10-01 00:00:00',2,'Llano','0000-00-00 08:00:00','0000-00-00 16:59:59',4,0),(11,'2015-10-01 00:00:00',2,'Llano','0000-00-00 23:00:00','0000-00-00 23:59:59',4,0),(12,'2015-10-01 00:00:00',3,'Punta','0000-00-00 17:00:00','0000-00-00 22:59:59',8,0),(13,'2000-10-01 00:00:00',1,'Valle','0000-00-00 00:00:01','0000-00-00 17:59:59',4,1),(14,'2000-10-01 00:00:00',2,'Llano','0000-00-00 18:00:00','0000-00-00 23:59:59',8,1),(15,'2015-06-01 00:00:00',1,'Valle','0000-00-00 00:00:01','0000-00-00 11:59:59',3,0),(16,'2015-06-01 00:00:00',2,'Llano','0000-00-00 12:00:00','0000-00-00 12:29:59',4,0),(17,'2015-06-01 00:00:00',3,'Punta','0000-00-00 12:30:00','0000-00-00 12:59:59',8,0),(18,'2015-06-01 00:00:00',1,'Valle','0000-00-00 13:00:00','0000-00-00 13:29:59',3,0),(19,'2015-06-01 00:00:00',2,'Llano','0000-00-00 13:30:00','0000-00-00 13:59:59',4,0),(20,'2015-06-01 00:00:00',3,'Punta','0000-00-00 14:00:00','0000-00-00 14:29:59',8,0),(21,'2015-06-01 00:00:00',1,'Valle','0000-00-00 14:30:00','0000-00-00 14:59:59',3,0),(22,'2015-06-01 00:00:00',2,'Llano','0000-00-00 15:00:00','0000-00-00 15:49:59',4,0),(23,'2015-06-01 00:00:00',3,'Punta','0000-00-00 15:50:00','0000-00-00 15:59:59',8,0),(24,'2015-06-01 00:00:00',1,'Valle','0000-00-00 16:00:00','0000-00-00 16:11:59',3,0),(25,'2015-06-01 00:00:00',3,'Punta','0000-00-00 16:12:00','0000-00-00 16:14:59',8,0),(26,'2015-06-01 00:00:00',1,'Valle','0000-00-00 16:15:00','0000-00-00 16:24:59',3,0),(27,'2015-06-01 00:00:00',3,'Punta','0000-00-00 16:25:00','0000-00-00 16:26:59',8,0),(28,'2015-06-01 00:00:00',1,'Valle','0000-00-00 16:25:00','0000-00-00 16:36:59',3,0),(29,'2015-06-01 00:00:00',3,'Punta','0000-00-00 16:37:00','0000-00-00 23:59:59',8,0);
/*!40000 ALTER TABLE `tarifas_electricas` ENABLE KEYS */;
UNLOCK TABLES;

--
-- Table structure for table `user_roles`
--

DROP TABLE IF EXISTS `user_roles`;
/*!40101 SET @saved_cs_client     = @@character_set_client */;
/*!40101 SET character_set_client = utf8 */;
CREATE TABLE `user_roles` (
  `USER_ROLE_ID` int(10) unsigned NOT NULL,
  `USER_ID` int(10) unsigned NOT NULL,
  `AUTHORITY` varchar(45) NOT NULL,
  PRIMARY KEY (`USER_ROLE_ID`),
  KEY `FK_user_roles` (`USER_ID`),
  CONSTRAINT `FK_user_roles` FOREIGN KEY (`USER_ID`) REFERENCES `users` (`USER_ID`)
) ENGINE=InnoDB DEFAULT CHARSET=utf8;
/*!40101 SET character_set_client = @saved_cs_client */;

--
-- Dumping data for table `user_roles`
--

LOCK TABLES `user_roles` WRITE;
/*!40000 ALTER TABLE `user_roles` DISABLE KEYS */;
INSERT INTO `user_roles` VALUES (1,1,'ROLE_USER'),(2,2,'ROLE_ADMIN');
/*!40000 ALTER TABLE `user_roles` ENABLE KEYS */;
UNLOCK TABLES;

--
-- Table structure for table `users`
--

DROP TABLE IF EXISTS `users`;
/*!40101 SET @saved_cs_client     = @@character_set_client */;
/*!40101 SET character_set_client = utf8 */;
CREATE TABLE `users` (
  `USER_ID` int(10) unsigned NOT NULL,
  `USERNAME` varchar(45) NOT NULL,
  `PASSWORD` varchar(45) NOT NULL,
  `ENABLED` tinyint(1) NOT NULL,
  PRIMARY KEY (`USER_ID`)
) ENGINE=InnoDB DEFAULT CHARSET=utf8;
/*!40101 SET character_set_client = @saved_cs_client */;

--
-- Dumping data for table `users`
--

LOCK TABLES `users` WRITE;
/*!40000 ALTER TABLE `users` DISABLE KEYS */;
INSERT INTO `users` VALUES (1,'usu','123456',1),(2,'admin','admin',1);
/*!40000 ALTER TABLE `users` ENABLE KEYS */;
UNLOCK TABLES;

--
-- Temporary view structure for view `v_ejecuciones_curso`
--

DROP TABLE IF EXISTS `v_ejecuciones_curso`;
/*!50001 DROP VIEW IF EXISTS `v_ejecuciones_curso`*/;
SET @saved_cs_client     = @@character_set_client;
SET character_set_client = utf8;
/*!50001 CREATE VIEW `v_ejecuciones_curso` AS SELECT 
 1 AS `idparcela`,
 1 AS `fecha`,
 1 AS `Fin`*/;
SET character_set_client = @saved_cs_client;

--
-- Temporary view structure for view `v_horario_tratamiento`
--

DROP TABLE IF EXISTS `v_horario_tratamiento`;
/*!50001 DROP VIEW IF EXISTS `v_horario_tratamiento`*/;
SET @saved_cs_client     = @@character_set_client;
SET character_set_client = utf8;
/*!50001 CREATE VIEW `v_horario_tratamiento` AS SELECT 
 1 AS `idsector`,
 1 AS `idposturas`,
 1 AS `idclases_abonos`,
 1 AS `fecha`,
 1 AS `inicioTratamiento`,
 1 AS `finTratamiento`,
 1 AS `duracion`*/;
SET character_set_client = @saved_cs_client;

--
-- Temporary view structure for view `v_tratamiento_arranca`
--

DROP TABLE IF EXISTS `v_tratamiento_arranca`;
/*!50001 DROP VIEW IF EXISTS `v_tratamiento_arranca`*/;
SET @saved_cs_client     = @@character_set_client;
SET character_set_client = utf8;
/*!50001 CREATE VIEW `v_tratamiento_arranca` AS SELECT 
 1 AS `idsector`,
 1 AS `idclases_abonos`*/;
SET character_set_client = @saved_cs_client;

--
-- Temporary view structure for view `v_tratamiento_para`
--

DROP TABLE IF EXISTS `v_tratamiento_para`;
/*!50001 DROP VIEW IF EXISTS `v_tratamiento_para`*/;
SET @saved_cs_client     = @@character_set_client;
SET character_set_client = utf8;
/*!50001 CREATE VIEW `v_tratamiento_para` AS SELECT 
 1 AS `idsector`,
 1 AS `idclases_abonos`*/;
SET character_set_client = @saved_cs_client;

--
-- Temporary view structure for view `v_valvula_abre`
--

DROP TABLE IF EXISTS `v_valvula_abre`;
/*!50001 DROP VIEW IF EXISTS `v_valvula_abre`*/;
SET @saved_cs_client     = @@character_set_client;
SET character_set_client = utf8;
/*!50001 CREATE VIEW `v_valvula_abre` AS SELECT 
 1 AS `idparcela`*/;
SET character_set_client = @saved_cs_client;

--
-- Temporary view structure for view `v_valvula_cierra`
--

DROP TABLE IF EXISTS `v_valvula_cierra`;
/*!50001 DROP VIEW IF EXISTS `v_valvula_cierra`*/;
SET @saved_cs_client     = @@character_set_client;
SET character_set_client = utf8;
/*!50001 CREATE VIEW `v_valvula_cierra` AS SELECT 
 1 AS `idparcela`*/;
SET character_set_client = @saved_cs_client;

--
-- Table structure for table `valvulas`
--

DROP TABLE IF EXISTS `valvulas`;
/*!40101 SET @saved_cs_client     = @@character_set_client */;
/*!40101 SET character_set_client = utf8 */;
CREATE TABLE `valvulas` (
  `idvalvula` int(11) NOT NULL,
  `idRemota` int(11) NOT NULL,
  `Nombre` varchar(45) DEFAULT NULL,
  `estado` varchar(10) DEFAULT NULL,
  `direccionHex` varchar(8) DEFAULT NULL,
  `posicion` varchar(4000) DEFAULT NULL,
  `orden` int(11) DEFAULT '1',
  PRIMARY KEY (`idvalvula`,`idRemota`),
  KEY `fk_valvulas_remotas1_idx` (`idRemota`),
  CONSTRAINT `fk_valvulas_remotas1` FOREIGN KEY (`idRemota`) REFERENCES `remotas` (`idRemota`) ON DELETE NO ACTION ON UPDATE NO ACTION
) ENGINE=InnoDB DEFAULT CHARSET=utf8;
/*!40101 SET character_set_client = @saved_cs_client */;

--
-- Dumping data for table `valvulas`
--

LOCK TABLES `valvulas` WRITE;
/*!40000 ALTER TABLE `valvulas` DISABLE KEYS */;
INSERT INTO `valvulas` VALUES (1,1,'Valvula 1','abierta','0F96','41.337684, -4.465914',1),(1,2,'Valvula 2','cerrada','0F9A','41.334875, -4.462690',1),(1,3,'Valvula 3','cerrada','0F9E','41.333487, -4.468588',1),(1,4,'Valvula 4','cerrada','0FA2','41.333475, -4.468623',1),(1,5,'Valvula 5','cerrada','0FA6','41.333487, -4.468914',1),(1,6,'Valvula 6','cerrada','0FAA','41.333484, -4.468623',1),(1,7,'Valvula 7 - A','cerrada','0FAE',NULL,1),(1,8,'Valvula 8','cerrada','0FB2',NULL,1),(1,9,'Valvula 9','cerrada','0FB6',NULL,1),(2,7,'Valvula 7 - B','cerrada','0FAF',NULL,1),(3,7,'Valvula 7 - C','cerrada','0FB0',NULL,1);
/*!40000 ALTER TABLE `valvulas` ENABLE KEYS */;
UNLOCK TABLES;

--
-- Table structure for table `valvulas_sector`
--

DROP TABLE IF EXISTS `valvulas_sector`;
/*!40101 SET @saved_cs_client     = @@character_set_client */;
/*!40101 SET character_set_client = utf8 */;
CREATE TABLE `valvulas_sector` (
  `idremota` int(11) NOT NULL,
  `idvalvula` int(11) NOT NULL,
  `sectores_idsector` int(11) NOT NULL,
  PRIMARY KEY (`idremota`,`idvalvula`,`sectores_idsector`),
  KEY `fk_valvulas_sector_sectores_idx` (`sectores_idsector`),
  CONSTRAINT `fk_valvulas_sector_sectores` FOREIGN KEY (`sectores_idsector`) REFERENCES `sectores` (`idsector`) ON DELETE NO ACTION ON UPDATE NO ACTION
) ENGINE=InnoDB DEFAULT CHARSET=utf8;
/*!40101 SET character_set_client = @saved_cs_client */;

--
-- Dumping data for table `valvulas_sector`
--

LOCK TABLES `valvulas_sector` WRITE;
/*!40000 ALTER TABLE `valvulas_sector` DISABLE KEYS */;
/*!40000 ALTER TABLE `valvulas_sector` ENABLE KEYS */;
UNLOCK TABLES;

--
-- Dumping events for database 'regadio9'
--

--
-- Dumping routines for database 'regadio9'
--

--
-- Final view structure for view `lst_obj_telecontrol`
--

/*!50001 DROP VIEW IF EXISTS `lst_obj_telecontrol`*/;
/*!50001 SET @saved_cs_client          = @@character_set_client */;
/*!50001 SET @saved_cs_results         = @@character_set_results */;
/*!50001 SET @saved_col_connection     = @@collation_connection */;
/*!50001 SET character_set_client      = utf8 */;
/*!50001 SET character_set_results     = utf8 */;
/*!50001 SET collation_connection      = utf8_general_ci */;
/*!50001 CREATE ALGORITHM=UNDEFINED */
/*!50013 DEFINER=`root`@`localhost` SQL SECURITY DEFINER */
/*!50001 VIEW `lst_obj_telecontrol` AS select `obj_telecontrol`.`idobj_telecontrol` AS `idObjeto`,`obj_telecontrol`.`nombre` AS `nombre`,`obj_telecontrol`.`tipo_conexion` AS `tipo_conexion`,`obj_telecontrol`.`conexion` AS `conexion`,`obj_telecontrol`.`direccionHex` AS `direccionHex`,`obj_telecontrol`.`estado` AS `estado`,`obj_telecontrol`.`posicion` AS `posicion`,`obj_telecontrol`.`esclavo` AS `esclavo`,`obj_telecontrol`.`control_tarifa` AS `control_tarifa` from `obj_telecontrol` order by `obj_telecontrol`.`orden` */;
/*!50001 SET character_set_client      = @saved_cs_client */;
/*!50001 SET character_set_results     = @saved_cs_results */;
/*!50001 SET collation_connection      = @saved_col_connection */;

--
-- Final view structure for view `lst_valvulas`
--

/*!50001 DROP VIEW IF EXISTS `lst_valvulas`*/;
/*!50001 SET @saved_cs_client          = @@character_set_client */;
/*!50001 SET @saved_cs_results         = @@character_set_results */;
/*!50001 SET @saved_col_connection     = @@collation_connection */;
/*!50001 SET character_set_client      = utf8 */;
/*!50001 SET character_set_results     = utf8 */;
/*!50001 SET collation_connection      = utf8_general_ci */;
/*!50001 CREATE ALGORITHM=UNDEFINED */
/*!50013 DEFINER=`root`@`localhost` SQL SECURITY DEFINER */
/*!50001 VIEW `lst_valvulas` AS select `r`.`idRemota` AS `idRemota`,`r`.`Nombre` AS `remota`,`v`.`idvalvula` AS `idvalvula`,`v`.`Nombre` AS `valvula`,`v`.`estado` AS `estado`,`r`.`idProgramador` AS `idProgramador`,`v`.`posicion` AS `posicion`,`v`.`orden` AS `orden` from (`remotas` `r` join `valvulas` `v`) where (`r`.`idRemota` = `v`.`idRemota`) order by `v`.`orden`,`r`.`idRemota`,`v`.`idvalvula` */;
/*!50001 SET character_set_client      = @saved_cs_client */;
/*!50001 SET character_set_results     = @saved_cs_results */;
/*!50001 SET collation_connection      = @saved_col_connection */;

--
-- Final view structure for view `posturaparcelaarranca`
--

/*!50001 DROP VIEW IF EXISTS `posturaparcelaarranca`*/;
/*!50001 SET @saved_cs_client          = @@character_set_client */;
/*!50001 SET @saved_cs_results         = @@character_set_results */;
/*!50001 SET @saved_col_connection     = @@collation_connection */;
/*!50001 SET character_set_client      = utf8 */;
/*!50001 SET character_set_results     = utf8 */;
/*!50001 SET collation_connection      = utf8_general_ci */;
/*!50001 CREATE ALGORITHM=UNDEFINED */
/*!50013 DEFINER=`root`@`localhost` SQL SECURITY DEFINER */
/*!50001 VIEW `posturaparcelaarranca` AS select `p`.`idparcelas` AS `idparcelas`,`pp`.`idsector` AS `idparcela`,`pp`.`fecha` AS `fecha`,date_format((`pp`.`fecha` + interval `pp`.`minutos` minute),'%T') AS `Fin` from (`programacion_posturas` `pp` join `posturas` `p`) where ((`pp`.`fecha` between now() and (now() + interval 60 second)) and (`p`.`idprogramacion_postura` = `pp`.`idprogramacion_postura`)) */;
/*!50001 SET character_set_client      = @saved_cs_client */;
/*!50001 SET character_set_results     = @saved_cs_results */;
/*!50001 SET collation_connection      = @saved_col_connection */;

--
-- Final view structure for view `posturas_arranca`
--

/*!50001 DROP VIEW IF EXISTS `posturas_arranca`*/;
/*!50001 SET @saved_cs_client          = @@character_set_client */;
/*!50001 SET @saved_cs_results         = @@character_set_results */;
/*!50001 SET @saved_col_connection     = @@collation_connection */;
/*!50001 SET character_set_client      = utf8 */;
/*!50001 SET character_set_results     = utf8 */;
/*!50001 SET collation_connection      = utf8_general_ci */;
/*!50001 CREATE ALGORITHM=UNDEFINED */
/*!50013 DEFINER=`root`@`localhost` SQL SECURITY DEFINER */
/*!50001 VIEW `posturas_arranca` AS select `pp`.`idprogramacion_postura` AS `idprogramacion_postura`,`p`.`idposturas` AS `idposturas`,`ppp`.`fecha` AS `fecha`,addtime(`ppp`.`fecha`,sec_to_time(((60 * (`p`.`idposturas` - `pp`.`primera`)) * `p`.`duracion`))) AS `inicio` from ((`primera_postura` `pp` join `posturas` `p`) join `programacion_posturas` `ppp`) where ((`pp`.`idprogramacion_postura` = `p`.`idprogramacion_postura`) and (`ppp`.`idprogramacion_postura` = `p`.`idprogramacion_postura`) and (addtime(`ppp`.`fecha`,sec_to_time(((60 * (`p`.`idposturas` - `pp`.`primera`)) * `p`.`duracion`))) between (now() + interval -(3600) second) and now())) */;
/*!50001 SET character_set_client      = @saved_cs_client */;
/*!50001 SET character_set_results     = @saved_cs_results */;
/*!50001 SET collation_connection      = @saved_col_connection */;

--
-- Final view structure for view `posturas_para`
--

/*!50001 DROP VIEW IF EXISTS `posturas_para`*/;
/*!50001 SET @saved_cs_client          = @@character_set_client */;
/*!50001 SET @saved_cs_results         = @@character_set_results */;
/*!50001 SET @saved_col_connection     = @@collation_connection */;
/*!50001 SET character_set_client      = utf8 */;
/*!50001 SET character_set_results     = utf8 */;
/*!50001 SET collation_connection      = utf8_general_ci */;
/*!50001 CREATE ALGORITHM=UNDEFINED */
/*!50013 DEFINER=`root`@`localhost` SQL SECURITY DEFINER */
/*!50001 VIEW `posturas_para` AS select `pp`.`idprogramacion_postura` AS `idprogramacion_postura`,`p`.`idposturas` AS `idposturas`,`ppp`.`fecha` AS `fecha`,addtime(`ppp`.`fecha`,sec_to_time(((60 * (`p`.`idposturas` - `pp`.`primera`)) * `p`.`duracion`))) AS `inicio`,`p`.`duracion` AS `duracion`,addtime(`ppp`.`fecha`,sec_to_time(((60 * ((`p`.`idposturas` - `pp`.`primera`) + 1)) * `p`.`duracion`))) AS `fin` from ((`primera_postura` `pp` join `posturas` `p`) join `programacion_posturas` `ppp`) where ((`pp`.`idprogramacion_postura` = `p`.`idprogramacion_postura`) and (`ppp`.`idprogramacion_postura` = `p`.`idprogramacion_postura`) and (addtime(`ppp`.`fecha`,sec_to_time(((60 * ((`p`.`idposturas` - `pp`.`primera`) + 1)) * `p`.`duracion`))) between (now() + interval -(3600) second) and now())) */;
/*!50001 SET character_set_client      = @saved_cs_client */;
/*!50001 SET character_set_results     = @saved_cs_results */;
/*!50001 SET collation_connection      = @saved_col_connection */;

--
-- Final view structure for view `primera_postura`
--

/*!50001 DROP VIEW IF EXISTS `primera_postura`*/;
/*!50001 SET @saved_cs_client          = @@character_set_client */;
/*!50001 SET @saved_cs_results         = @@character_set_results */;
/*!50001 SET @saved_col_connection     = @@collation_connection */;
/*!50001 SET character_set_client      = utf8 */;
/*!50001 SET character_set_results     = utf8 */;
/*!50001 SET collation_connection      = utf8_general_ci */;
/*!50001 CREATE ALGORITHM=UNDEFINED */
/*!50013 DEFINER=`root`@`localhost` SQL SECURITY DEFINER */
/*!50001 VIEW `primera_postura` AS select min(`pos`.`idposturas`) AS `primera`,`prog`.`idprogramacion_postura` AS `idprogramacion_postura` from (`posturas` `pos` join `programacion_posturas` `prog`) where (`pos`.`idprogramacion_postura` = `prog`.`idprogramacion_postura`) group by `prog`.`idprogramacion_postura` */;
/*!50001 SET character_set_client      = @saved_cs_client */;
/*!50001 SET character_set_results     = @saved_cs_results */;
/*!50001 SET collation_connection      = @saved_col_connection */;

--
-- Final view structure for view `sectores_arranca`
--

/*!50001 DROP VIEW IF EXISTS `sectores_arranca`*/;
/*!50001 SET @saved_cs_client          = @@character_set_client */;
/*!50001 SET @saved_cs_results         = @@character_set_results */;
/*!50001 SET @saved_col_connection     = @@collation_connection */;
/*!50001 SET character_set_client      = utf8 */;
/*!50001 SET character_set_results     = utf8 */;
/*!50001 SET collation_connection      = utf8_general_ci */;
/*!50001 CREATE ALGORITHM=UNDEFINED */
/*!50013 DEFINER=`root`@`localhost` SQL SECURITY DEFINER */
/*!50001 VIEW `sectores_arranca` AS select `pp`.`idsector` AS `idsector` from (`programacion_posturas` `pp` join `posturas` `p`) where ((`pp`.`idprogramacion_postura` = `p`.`idprogramacion_postura`) and (`pp`.`fecha` between (now() + interval -(60) second) and now())) */;
/*!50001 SET character_set_client      = @saved_cs_client */;
/*!50001 SET character_set_results     = @saved_cs_results */;
/*!50001 SET collation_connection      = @saved_col_connection */;

--
-- Final view structure for view `sectores_para`
--

/*!50001 DROP VIEW IF EXISTS `sectores_para`*/;
/*!50001 SET @saved_cs_client          = @@character_set_client */;
/*!50001 SET @saved_cs_results         = @@character_set_results */;
/*!50001 SET @saved_col_connection     = @@collation_connection */;
/*!50001 SET character_set_client      = utf8 */;
/*!50001 SET character_set_results     = utf8 */;
/*!50001 SET collation_connection      = utf8_general_ci */;
/*!50001 CREATE ALGORITHM=UNDEFINED */
/*!50013 DEFINER=`root`@`localhost` SQL SECURITY DEFINER */
/*!50001 VIEW `sectores_para` AS select `pp`.`idsector` AS `idsector` from (`programacion_posturas` `pp` join `posturas` `p`) where ((`pp`.`idprogramacion_postura` = `p`.`idprogramacion_postura`) and (addtime(`pp`.`fecha`,sec_to_time((`pp`.`minutos` * 60))) between (now() + interval -(90) second) and (now() + interval 5 second))) */;
/*!50001 SET character_set_client      = @saved_cs_client */;
/*!50001 SET character_set_results     = @saved_cs_results */;
/*!50001 SET collation_connection      = @saved_col_connection */;

--
-- Final view structure for view `v_ejecuciones_curso`
--

/*!50001 DROP VIEW IF EXISTS `v_ejecuciones_curso`*/;
/*!50001 SET @saved_cs_client          = @@character_set_client */;
/*!50001 SET @saved_cs_results         = @@character_set_results */;
/*!50001 SET @saved_col_connection     = @@collation_connection */;
/*!50001 SET character_set_client      = utf8 */;
/*!50001 SET character_set_results     = utf8 */;
/*!50001 SET collation_connection      = utf8_general_ci */;
/*!50001 CREATE ALGORITHM=UNDEFINED */
/*!50013 DEFINER=`root`@`localhost` SQL SECURITY DEFINER */
/*!50001 VIEW `v_ejecuciones_curso` AS select `programacion_posturas`.`idsector` AS `idparcela`,`programacion_posturas`.`fecha` AS `fecha`,date_format((`programacion_posturas`.`fecha` + interval `programacion_posturas`.`minutos` minute),'%T') AS `Fin` from `programacion_posturas` where (now() between (`programacion_posturas`.`fecha` + interval -(2) minute) and (`programacion_posturas`.`fecha` + interval `programacion_posturas`.`minutos` minute)) */;
/*!50001 SET character_set_client      = @saved_cs_client */;
/*!50001 SET character_set_results     = @saved_cs_results */;
/*!50001 SET collation_connection      = @saved_col_connection */;

--
-- Final view structure for view `v_horario_tratamiento`
--

/*!50001 DROP VIEW IF EXISTS `v_horario_tratamiento`*/;
/*!50001 SET @saved_cs_client          = @@character_set_client */;
/*!50001 SET @saved_cs_results         = @@character_set_results */;
/*!50001 SET @saved_col_connection     = @@collation_connection */;
/*!50001 SET character_set_client      = utf8 */;
/*!50001 SET character_set_results     = utf8 */;
/*!50001 SET collation_connection      = utf8_general_ci */;
/*!50001 CREATE ALGORITHM=UNDEFINED */
/*!50013 DEFINER=`root`@`localhost` SQL SECURITY DEFINER */
/*!50001 VIEW `v_horario_tratamiento` AS select `pp`.`idsector` AS `idsector`,`a`.`idposturas` AS `idposturas`,`a`.`idclases_abonos` AS `idclases_abonos`,`pp`.`fecha` AS `fecha`,(`pp`.`fecha` + interval `a`.`inicio` minute) AS `inicioTratamiento`,(`pp`.`fecha` + interval (`a`.`inicio` + `a`.`duracion`) minute) AS `finTratamiento`,`a`.`duracion` AS `duracion` from ((`programacion_posturas` `pp` join `posturas` `p`) join `abonos` `a`) where ((`pp`.`idprogramacion_postura` = `p`.`idprogramacion_postura`) and (`p`.`idposturas` = `a`.`idposturas`) and (`a`.`duracion` > 0)) */;
/*!50001 SET character_set_client      = @saved_cs_client */;
/*!50001 SET character_set_results     = @saved_cs_results */;
/*!50001 SET collation_connection      = @saved_col_connection */;

--
-- Final view structure for view `v_tratamiento_arranca`
--

/*!50001 DROP VIEW IF EXISTS `v_tratamiento_arranca`*/;
/*!50001 SET @saved_cs_client          = @@character_set_client */;
/*!50001 SET @saved_cs_results         = @@character_set_results */;
/*!50001 SET @saved_col_connection     = @@collation_connection */;
/*!50001 SET character_set_client      = utf8 */;
/*!50001 SET character_set_results     = utf8 */;
/*!50001 SET collation_connection      = utf8_general_ci */;
/*!50001 CREATE ALGORITHM=UNDEFINED */
/*!50013 DEFINER=`root`@`localhost` SQL SECURITY DEFINER */
/*!50001 VIEW `v_tratamiento_arranca` AS select `v_horario_tratamiento`.`idsector` AS `idsector`,`v_horario_tratamiento`.`idclases_abonos` AS `idclases_abonos` from `v_horario_tratamiento` where (`v_horario_tratamiento`.`inicioTratamiento` between (now() + interval -(60) second) and now()) */;
/*!50001 SET character_set_client      = @saved_cs_client */;
/*!50001 SET character_set_results     = @saved_cs_results */;
/*!50001 SET collation_connection      = @saved_col_connection */;

--
-- Final view structure for view `v_tratamiento_para`
--

/*!50001 DROP VIEW IF EXISTS `v_tratamiento_para`*/;
/*!50001 SET @saved_cs_client          = @@character_set_client */;
/*!50001 SET @saved_cs_results         = @@character_set_results */;
/*!50001 SET @saved_col_connection     = @@collation_connection */;
/*!50001 SET character_set_client      = utf8 */;
/*!50001 SET character_set_results     = utf8 */;
/*!50001 SET collation_connection      = utf8_general_ci */;
/*!50001 CREATE ALGORITHM=UNDEFINED */
/*!50013 DEFINER=`root`@`localhost` SQL SECURITY DEFINER */
/*!50001 VIEW `v_tratamiento_para` AS select `v_horario_tratamiento`.`idsector` AS `idsector`,`v_horario_tratamiento`.`idclases_abonos` AS `idclases_abonos` from `v_horario_tratamiento` where (`v_horario_tratamiento`.`finTratamiento` between (now() + interval -(60) second) and now()) */;
/*!50001 SET character_set_client      = @saved_cs_client */;
/*!50001 SET character_set_results     = @saved_cs_results */;
/*!50001 SET collation_connection      = @saved_col_connection */;

--
-- Final view structure for view `v_valvula_abre`
--

/*!50001 DROP VIEW IF EXISTS `v_valvula_abre`*/;
/*!50001 SET @saved_cs_client          = @@character_set_client */;
/*!50001 SET @saved_cs_results         = @@character_set_results */;
/*!50001 SET @saved_col_connection     = @@collation_connection */;
/*!50001 SET character_set_client      = utf8 */;
/*!50001 SET character_set_results     = utf8 */;
/*!50001 SET collation_connection      = utf8_general_ci */;
/*!50001 CREATE ALGORITHM=UNDEFINED */
/*!50013 DEFINER=`root`@`localhost` SQL SECURITY DEFINER */
/*!50001 VIEW `v_valvula_abre` AS select `pp`.`idsector` AS `idparcela` from (`programacion_posturas` `pp` join `posturas` `p`) where ((`pp`.`idprogramacion_postura` = `p`.`idprogramacion_postura`) and (`pp`.`fecha` between now() and (now() + interval 60 second))) */;
/*!50001 SET character_set_client      = @saved_cs_client */;
/*!50001 SET character_set_results     = @saved_cs_results */;
/*!50001 SET collation_connection      = @saved_col_connection */;

--
-- Final view structure for view `v_valvula_cierra`
--

/*!50001 DROP VIEW IF EXISTS `v_valvula_cierra`*/;
/*!50001 SET @saved_cs_client          = @@character_set_client */;
/*!50001 SET @saved_cs_results         = @@character_set_results */;
/*!50001 SET @saved_col_connection     = @@collation_connection */;
/*!50001 SET character_set_client      = utf8 */;
/*!50001 SET character_set_results     = utf8 */;
/*!50001 SET collation_connection      = utf8_general_ci */;
/*!50001 CREATE ALGORITHM=UNDEFINED */
/*!50013 DEFINER=`root`@`localhost` SQL SECURITY DEFINER */
/*!50001 VIEW `v_valvula_cierra` AS select `pp`.`idsector` AS `idparcela` from (`programacion_posturas` `pp` join `posturas` `p`) where ((`pp`.`idprogramacion_postura` = `p`.`idprogramacion_postura`) and (addtime(`pp`.`fecha`,sec_to_time((`pp`.`minutos` * 60))) between (now() + interval -(120) second) and (now() + interval -(60) second))) */;
/*!50001 SET character_set_client      = @saved_cs_client */;
/*!50001 SET character_set_results     = @saved_cs_results */;
/*!50001 SET collation_connection      = @saved_col_connection */;
/*!40103 SET TIME_ZONE=@OLD_TIME_ZONE */;

/*!40101 SET SQL_MODE=@OLD_SQL_MODE */;
/*!40014 SET FOREIGN_KEY_CHECKS=@OLD_FOREIGN_KEY_CHECKS */;
/*!40014 SET UNIQUE_CHECKS=@OLD_UNIQUE_CHECKS */;
/*!40101 SET CHARACTER_SET_CLIENT=@OLD_CHARACTER_SET_CLIENT */;
/*!40101 SET CHARACTER_SET_RESULTS=@OLD_CHARACTER_SET_RESULTS */;
/*!40101 SET COLLATION_CONNECTION=@OLD_COLLATION_CONNECTION */;
/*!40111 SET SQL_NOTES=@OLD_SQL_NOTES */;

-- Dump completed on 2016-07-15 18:39:56
